CREATE TABLE  "T_ARBITRAGEM" 
   (    "matricula" NUMBER NOT NULL ENABLE, 
    "nome" VARCHAR2(100) NOT NULL ENABLE, 
    "dataNascimento" DATE NOT NULL ENABLE, 
     CONSTRAINT "T_ARBITRAGEM_PK" PRIMARY KEY ("matricula") ENABLE
   )
/
CREATE TABLE  "T_CAMPEONATO" 
   (    "id" NUMBER NOT NULL ENABLE, 
    "ano" NUMBER(4,0) NOT NULL ENABLE, 
    "nome" VARCHAR2(100) NOT NULL ENABLE, 
    "dataInicio" DATE NOT NULL ENABLE, 
    "dataFim" DATE NOT NULL ENABLE, 
     CONSTRAINT "T_CAMPEONATO_PK" PRIMARY KEY ("id") ENABLE, 
     CONSTRAINT "T_CAMPEONATO_CK1" CHECK ("ano">1900) ENABLE
   )
/
CREATE TABLE  "T_ENDERECO" 
   (    "cep" NUMBER(8,0) NOT NULL ENABLE, 
    "logradouro" VARCHAR2(150) NOT NULL ENABLE, 
    "bairro" VARCHAR2(100) NOT NULL ENABLE, 
    "cidade" VARCHAR2(100) NOT NULL ENABLE, 
    "estado" VARCHAR2(2) NOT NULL ENABLE, 
     CONSTRAINT "T_ENDERECO_PK" PRIMARY KEY ("cep") ENABLE
   )
/
CREATE TABLE  "T_ESTADIO" 
   (    "nome" VARCHAR2(150) NOT NULL ENABLE, 
    "capacidade" NUMBER NOT NULL ENABLE, 
    "endereco_cep" NUMBER(8,0), 
    "endereco_num" NUMBER, 
     CONSTRAINT "T_ESTADIO_PK" PRIMARY KEY ("nome") ENABLE, 
     CONSTRAINT "T_ESTADIO_CK1" CHECK ("capacidade">0) ENABLE
   )
/
CREATE TABLE  "T_JOGADOR" 
   (    "numCadastro" NUMBER NOT NULL ENABLE, 
     CONSTRAINT "T_JOGADOR_PK" PRIMARY KEY ("numCadastro") ENABLE
   )
/
CREATE TABLE  "T_JOGO" 
   (    "numero" NUMBER NOT NULL ENABLE, 
    "campeonato" NUMBER NOT NULL ENABLE, 
    "data" TIMESTAMP (6) NOT NULL ENABLE, 
    "estadio_sede" VARCHAR2(150) NOT NULL ENABLE, 
     CONSTRAINT "T_JOGO_PK" PRIMARY KEY ("numero") ENABLE
   )
/
CREATE TABLE  "T_JOGO_ARBITRO" 
   (    "numeroJogo" NUMBER NOT NULL ENABLE, 
    "matriculaArbitro" NUMBER NOT NULL ENABLE, 
    "funcao" VARCHAR2(100) NOT NULL ENABLE, 
     CONSTRAINT "T_JOGO_ARBITRO_PK" PRIMARY KEY ("numeroJogo", "matriculaArbitro") ENABLE
   )
/
CREATE TABLE  "T_TIME" 
   (    "numCadastro" NUMBER NOT NULL ENABLE, 
    "nome" VARCHAR2(150) NOT NULL ENABLE, 
    "cidade" VARCHAR2(100) NOT NULL ENABLE, 
    "estadioSede" VARCHAR2(150), 
     CONSTRAINT "T_TIME_PK" PRIMARY KEY ("numCadastro") ENABLE
   )
/
CREATE TABLE  "T_JOGO_TIME" 
   (    "numeroJogo" NUMBER NOT NULL ENABLE, 
    "numTime" NUMBER NOT NULL ENABLE, 
     CONSTRAINT "T_JOGO_TIME_PK" PRIMARY KEY ("numeroJogo", "numTime") ENABLE
   )
/
CREATE TABLE  "T_JOGO_JOGADOR_JOGA" 
   (    "camisa" NUMBER(2,0) NOT NULL ENABLE, 
    "numJogo" NUMBER NOT NULL ENABLE, 
    "numTime" NUMBER NOT NULL ENABLE, 
    "numJogador" NUMBER NOT NULL ENABLE, 
    "amarelos" NUMBER(1,0) NOT NULL ENABLE, 
    "vermelhos" NUMBER(1,0) NOT NULL ENABLE, 
     CONSTRAINT "T_JOGO_JOGADOR_CK1" CHECK ("camisa" > 0) ENABLE, 
     CONSTRAINT "T_JOGO_JOGADOR_PK" PRIMARY KEY ("camisa", "numJogo", "numTime") ENABLE
   )
/
CREATE TABLE  "T_JOGO_JOGADOR_GOLEIA" 
   (    "momento" TIMESTAMP (6) NOT NULL ENABLE, 
    "numJogo" NUMBER NOT NULL ENABLE, 
    "camisa" NUMBER NOT NULL ENABLE, 
    "tipo" VARCHAR2(7) NOT NULL ENABLE, 
    "numTime" NUMBER NOT NULL ENABLE, 
     CONSTRAINT "T_JOGO_JOGADOR_GOLEIA_CK1" CHECK ("tipo" IN ('CONTRA','A FAVOR')) ENABLE, 
     CONSTRAINT "T_JOGO_JOGADOR_GOLEIA_PK" PRIMARY KEY ("momento", "numJogo") ENABLE
   )
/
CREATE TABLE  "T_TECNICO" 
   (    "numCadastro" NUMBER NOT NULL ENABLE, 
     CONSTRAINT "T_TECNICO_PK" PRIMARY KEY ("numCadastro") ENABLE
   )
/
CREATE TABLE  "T_JOGO_TECNICO" 
   (    "numJogo" NUMBER NOT NULL ENABLE, 
    "numTecnico" NUMBER NOT NULL ENABLE, 
     CONSTRAINT "T_JOGO_TECNICO_PK" PRIMARY KEY ("numJogo", "numTecnico") ENABLE
   )
/
CREATE TABLE  "T_PROFISSIONAL" 
   (    "numCadastro" NUMBER NOT NULL ENABLE, 
    "nome" VARCHAR2(150) NOT NULL ENABLE, 
    "apelido" VARCHAR2(50), 
    "dataNascimento" DATE NOT NULL ENABLE, 
     CONSTRAINT "T_PROFISSIONAL_PK" PRIMARY KEY ("numCadastro") ENABLE
   )
/
CREATE TABLE  "T_TIME_PASSE_JOG" 
   (    "numTime" NUMBER NOT NULL ENABLE, 
    "numJogador" NUMBER NOT NULL ENABLE, 
    "dataInicial" DATE NOT NULL ENABLE, 
    "dataFinal" DATE
   )
/
CREATE TABLE  "T_TIME_PROFISSIONAL" 
   (    "numTime" NUMBER NOT NULL ENABLE, 
    "numProfissional" NUMBER NOT NULL ENABLE, 
    "dataInicial" DATE NOT NULL ENABLE, 
    "dataFinal" DATE
   )
/
ALTER TABLE  "T_ESTADIO" ADD CONSTRAINT "T_ESTADIO_CON" FOREIGN KEY ("endereco_cep")
      REFERENCES  "T_ENDERECO" ("cep") ENABLE
/
ALTER TABLE  "T_JOGO_ARBITRO" ADD CONSTRAINT "T_JOGO_ARBITRO_FK" FOREIGN KEY ("numeroJogo")
      REFERENCES  "T_JOGO" ("numero") ENABLE
/
ALTER TABLE  "T_JOGO_ARBITRO" ADD CONSTRAINT "T_JOGO_ARBITRO_FK2" FOREIGN KEY ("matriculaArbitro")
      REFERENCES  "T_ARBITRAGEM" ("matricula") ENABLE
/
ALTER TABLE  "T_JOGO" ADD CONSTRAINT "T_JOGO_FK" FOREIGN KEY ("campeonato")
      REFERENCES  "T_CAMPEONATO" ("id") ENABLE
/
ALTER TABLE  "T_JOGO" ADD CONSTRAINT "T_JOGO_FK2" FOREIGN KEY ("estadio_sede")
      REFERENCES  "T_ESTADIO" ("nome") ENABLE
/
ALTER TABLE  "T_JOGO_JOGADOR_JOGA" ADD CONSTRAINT "T_JOGO_JOGADOR_FK" FOREIGN KEY ("numJogo", "numTime")
      REFERENCES  "T_JOGO_TIME" ("numeroJogo", "numTime") ENABLE
/
ALTER TABLE  "T_JOGO_JOGADOR_JOGA" ADD CONSTRAINT "T_JOGO_JOGADOR_FK2" FOREIGN KEY ("numJogador")
      REFERENCES  "T_JOGADOR" ("numCadastro") ENABLE
/
ALTER TABLE  "T_JOGO_JOGADOR_GOLEIA" ADD CONSTRAINT "T_JOGO_JOGADOR_GOLEIA_FK" FOREIGN KEY ("camisa", "numJogo", "numTime")
      REFERENCES  "T_JOGO_JOGADOR_JOGA" ("camisa", "numJogo", "numTime") ENABLE
/
ALTER TABLE  "T_JOGO_TECNICO" ADD CONSTRAINT "T_JOGO_TECNICO_FK" FOREIGN KEY ("numJogo")
      REFERENCES  "T_JOGO" ("numero") ENABLE
/
ALTER TABLE  "T_JOGO_TECNICO" ADD CONSTRAINT "T_JOGO_TECNICO_FK2" FOREIGN KEY ("numTecnico")
      REFERENCES  "T_TECNICO" ("numCadastro") ENABLE
/
ALTER TABLE  "T_JOGO_TIME" ADD CONSTRAINT "T_JOGO_TIME_FK" FOREIGN KEY ("numeroJogo")
      REFERENCES  "T_JOGO" ("numero") ENABLE
/
ALTER TABLE  "T_JOGO_TIME" ADD CONSTRAINT "T_JOGO_TIME_FK2" FOREIGN KEY ("numTime")
      REFERENCES  "T_TIME" ("numCadastro") ENABLE
/
ALTER TABLE  "T_TECNICO" ADD CONSTRAINT "T_TECNICO_FK" FOREIGN KEY ("numCadastro")
      REFERENCES  "T_PROFISSIONAL" ("numCadastro") ENABLE
/
ALTER TABLE  "T_TIME" ADD CONSTRAINT "T_TIME_ESTADIO" FOREIGN KEY ("estadioSede")
      REFERENCES  "T_ESTADIO" ("nome") ENABLE
/
ALTER TABLE  "T_TIME_PASSE_JOG" ADD CONSTRAINT "T_TIME_PASSE_JOG_FK" FOREIGN KEY ("numTime")
      REFERENCES  "T_TIME" ("numCadastro") ENABLE
/
ALTER TABLE  "T_TIME_PASSE_JOG" ADD CONSTRAINT "T_TIME_PASSE_JOG_FK2" FOREIGN KEY ("numJogador")
      REFERENCES  "T_JOGADOR" ("numCadastro") ENABLE
/
ALTER TABLE  "T_TIME_PROFISSIONAL" ADD CONSTRAINT "T_TIME_PROFISSIONAL_FK" FOREIGN KEY ("numTime")
      REFERENCES  "T_TIME" ("numCadastro") ENABLE
/
ALTER TABLE  "T_TIME_PROFISSIONAL" ADD CONSTRAINT "T_TIME_PROFISSIONAL_FK2" FOREIGN KEY ("numProfissional")
      REFERENCES  "T_PROFISSIONAL" ("numCadastro") ENABLE
/
 CREATE SEQUENCE   "T_CAMPEONATO_SEQ"  MINVALUE 1 MAXVALUE 9999999999999999999999999999 INCREMENT BY 1 START WITH 7 CACHE 20 NOORDER  NOCYCLE
/
 CREATE SEQUENCE   "T_JOGO_SEQ"  MINVALUE 1 MAXVALUE 9999999999999999999999999999 INCREMENT BY 1 START WITH 12 CACHE 20 NOORDER  NOCYCLE
/
 CREATE SEQUENCE   "T_PROFISSIONAL_SEQ"  MINVALUE 1 MAXVALUE 9999999999999999999999999999 INCREMENT BY 1 START WITH 41 CACHE 20 NOORDER  NOCYCLE
/
 CREATE SEQUENCE   "T_TIME_SEQ"  MINVALUE 1 MAXVALUE 9999999999999999999999999999 INCREMENT BY 1 START WITH 14 CACHE 20 NOORDER  NOCYCLE
/
CREATE OR REPLACE TRIGGER  "BI_T_TIME" 
  before insert on "T_TIME"               
  for each row  
begin   
  if :NEW."numCadastro" is null then 
    select "T_TIME_SEQ".nextval into :NEW."numCadastro" from sys.dual; 
  end if; 
end; 

/
ALTER TRIGGER  "BI_T_TIME" ENABLE
/
CREATE OR REPLACE TRIGGER  "BI_T_PROFISSIONAL" 
  before insert on "T_PROFISSIONAL"               
  for each row  
begin   
  if :NEW."numCadastro" is null then 
    select "T_PROFISSIONAL_SEQ".nextval into :NEW."numCadastro" from sys.dual; 
  end if; 
end; 

/
ALTER TRIGGER  "BI_T_PROFISSIONAL" ENABLE
/
CREATE OR REPLACE TRIGGER  "BI_T_JOGO" 
  before insert on "T_JOGO"              
  for each row 
begin  
  if :NEW."numero" is null then
    select "T_JOGO_SEQ".nextval into :NEW."numero" from sys.dual;
  end if;
end;
/
ALTER TRIGGER  "BI_T_JOGO" ENABLE
/
CREATE OR REPLACE TRIGGER  "BI_T_CAMPEONATO" 
  before insert on "T_CAMPEONATO"              
  for each row 
begin  
  if :NEW."id" is null then
    select "T_CAMPEONATO_SEQ".nextval into :NEW."id" from sys.dual;
  end if;
end;
/
ALTER TRIGGER  "BI_T_CAMPEONATO" ENABLE
/
INSERT INTO "T_CAMPEONATO" VALUES(1, 2013, 'CAMPEONATO BRASILEIRO - SERIE A', TO_DATE('01.01.2013', 'MM.DD.YYYY'), TO_DATE('12.31.2013', 'MM.DD.YYYY'))
/
INSERT INTO "T_CAMPEONATO" VALUES(2, 2014, 'CAMPEONATO BRASILEIRO - SERIE A', TO_DATE('01.01.2014', 'MM.DD.YYYY'), TO_DATE('12.31.2014', 'MM.DD.YYYY'))
/
INSERT INTO "T_CAMPEONATO" VALUES(3, 2014, 'Carioca', TO_DATE('02.02.2014', 'MM.DD.YYYY'), TO_DATE('05.30.2014', 'MM.DD.YYYY'))
/
INSERT INTO "T_CAMPEONATO" VALUES(4, 2014, 'Copa do Mundo', TO_DATE('06.12.2014', 'MM.DD.YYYY'), TO_DATE('07.10.2014', 'MM.DD.YYYY'))
/
INSERT INTO "T_CAMPEONATO" VALUES(5, 2014, 'Brasileiro', TO_DATE('04.02.2014', 'MM.DD.YYYY'), TO_DATE('12.02.2014', 'MM.DD.YYYY'))
/
INSERT INTO "T_CAMPEONATO" VALUES(6, 2014, 'Paraibano', TO_DATE('04.12.2014', 'MM.DD.YYYY'), TO_DATE('12.02.2014', 'MM.DD.YYYY'))
/
INSERT INTO "T_ARBITRAGEM" VALUES (1, 'NomArb1', TO_DATE('05.15.1989', 'MM.DD.YYYY'))
/
INSERT INTO "T_ARBITRAGEM" VALUES (2, 'NomArb2', TO_DATE('09.21.1960', 'MM.DD.YYYY'))
/
INSERT INTO "T_ARBITRAGEM" VALUES (3, 'NomArb3', TO_DATE('12.30.1982', 'MM.DD.YYYY'))
/
INSERT INTO "T_ARBITRAGEM" VALUES (12346, 'BELTRANIM', TO_DATE('09.27.1990', 'MM.DD.YYYY'))
/
INSERT INTO "T_ARBITRAGEM" VALUES (12345, 'FULANIM', TO_DATE('04.01.1984', 'MM.DD.YYYY'))
/
INSERT INTO "T_ENDERECO" VALUES (11111111, 'N1', 'Consolação', 'São Paulo', 'SP')
/
INSERT INTO "T_ENDERECO" VALUES (11141111, 'N2', 'Centro', 'São Paulo', 'SP')
/
INSERT INTO "T_ENDERECO" VALUES (11131111, 'N3', 'Pacaembu', 'São Paulo', 'SP')
/
INSERT INTO "T_ENDERECO" VALUES (57000123, 'Av. Fernandes Lima', 'Farol', 'Maceio', 'AL')
/
INSERT INTO "T_ENDERECO" VALUES (58400000, 'Rua Joao Pessoa', 'Centro', 'Campina Grande ', 'PB')
/
INSERT INTO "T_ENDERECO" VALUES (51587900, 'Av. Conselheiro Aguiar', 'Boa Viagem', 'Recife', 'PE')
/
INSERT INTO "T_ENDERECO" VALUES (58400100, 'Rua Joao Suassuna', 'Centro', 'Campina Grande ', 'PB')
/     
INSERT INTO "T_ESTADIO" VALUES ('E1', 40000, 11111111, 1245)
/
INSERT INTO "T_ESTADIO" VALUES ('E2', 75000, 11141111, 54)
/
INSERT INTO "T_ESTADIO" VALUES ('E3', 50000, 11131111, 74)
/
INSERT INTO "T_ESTADIO" VALUES ('Estadio Presidente Vargas', 13000, 58400100, 13)
/
INSERT INTO "T_ESTADIO" VALUES ('Estadio Ernani Satiro', 50000, 58400000, 2841)
/
INSERT INTO "T_JOGO" ("numero","data","campeonato","estadio_sede") VALUES (1, TO_TIMESTAMP('03.01.2014 22:00:00', 'MM.DD.YYYY HH24:MI:SS'), 2, 'Estadio Ernani Satiro')
/
INSERT INTO "T_JOGO" ("numero","data","campeonato","estadio_sede") VALUES (2, TO_TIMESTAMP('10.12.2014 20:00:00', 'MM.DD.YYYY HH24:MI:SS'), 5, 'E2')
/
INSERT INTO "T_JOGO" ("numero","data","campeonato","estadio_sede") VALUES (3, TO_TIMESTAMP('10.12.2014 20:00:00', 'MM.DD.YYYY HH24:MI:SS'), 5, 'E3')
/
INSERT INTO "T_JOGO" ("numero","data","campeonato","estadio_sede") VALUES (4, TO_TIMESTAMP('10.12.2014 20:00:00', 'MM.DD.YYYY HH24:MI:SS'), 6, 'E2')
/
INSERT INTO "T_JOGO" ("numero","data","campeonato","estadio_sede") VALUES (5, TO_TIMESTAMP('10.12.2014 20:00:00', 'MM.DD.YYYY HH24:MI:SS'), 6, 'E3')
/
INSERT INTO "T_JOGO" ("numero","data","campeonato","estadio_sede") VALUES (6, TO_TIMESTAMP('10.12.2014 20:00:00', 'MM.DD.YYYY HH24:MI:SS'), 6, 'E1')
/
INSERT INTO "T_JOGO" ("numero","data","campeonato","estadio_sede") VALUES (7, TO_TIMESTAMP('03.12.2014 20:00:00', 'MM.DD.YYYY HH24:MI:SS'), 3, 'E1')
/
INSERT INTO "T_JOGO" ("numero","data","campeonato","estadio_sede") VALUES (8, TO_TIMESTAMP('03.12.2014 20:00:00', 'MM.DD.YYYY HH24:MI:SS'), 3, 'E3')
/
INSERT INTO "T_JOGO" ("numero","data","campeonato","estadio_sede") VALUES (9, TO_TIMESTAMP('06.12.2014 22:00:00', 'MM.DD.YYYY HH24:MI:SS'), 4, 'E2')
/
INSERT INTO "T_JOGO" ("numero","data","campeonato","estadio_sede") VALUES (10, TO_TIMESTAMP('06.12.2014 19:00:00', 'MM.DD.YYYY HH24:MI:SS'), 4, 'E2')
/
INSERT INTO "T_JOGO" ("numero","data","campeonato","estadio_sede") VALUES (11, TO_TIMESTAMP('10.12.2014 20:00:00', 'MM.DD.YYYY HH24:MI:SS'), 5, 'E1')
/
INSERT INTO "T_TIME" VALUES (1, 'Campinense Clube', 'Campina Grande', 'Estadio Ernani Satiro')
/
INSERT INTO "T_TIME" VALUES (2, 'NT2', 'C2', 'E2')
/
INSERT INTO "T_TIME" VALUES (3, 'NT3', 'C3', 'E3')
/
INSERT INTO "T_TIME" VALUES (4, 'NT4', 'C4', null)
/
INSERT INTO "T_TIME" VALUES (5, 'NT5', 'C5', null)
/
INSERT INTO "T_TIME" VALUES (6, 'NT6', 'C6', null)
/
INSERT INTO "T_TIME" VALUES (7, 'NT7', 'C7', 'E1')
/
INSERT INTO "T_TIME" VALUES (13, 'Treze de Campina Grande', 'Campina Grande', 'Estadio Presidente Vargas')
/
INSERT INTO "T_PROFISSIONAL" VALUES(1, 'Romario', 'Baixinho', TO_DATE('01.01.1970', 'MM.DD.YYYY'))
/
INSERT INTO "T_PROFISSIONAL" VALUES(2, 'Ronaldo', 'Fenomeno', TO_DATE('03.04.1985', 'MM.DD.YYYY'))
/
INSERT INTO "T_PROFISSIONAL" VALUES(3, 'Caio Ribeiro', 'Kaka', TO_DATE('05.06.1991', 'MM.DD.YYYY'))
/
INSERT INTO "T_PROFISSIONAL" VALUES(4, 'NP4', 'Ap4', TO_DATE('07.12.1991', 'MM.DD.YYYY'))
/
INSERT INTO "T_PROFISSIONAL" VALUES(5, 'NP5', 'Ap5', TO_DATE('12.29.1991', 'MM.DD.YYYY'))
/
INSERT INTO "T_PROFISSIONAL" VALUES(6, 'NP6', 'Ap6', TO_DATE('12.12.1994', 'MM.DD.YYYY'))
/
INSERT INTO "T_PROFISSIONAL" VALUES(7, 'NP7', 'Ap7', TO_DATE('12.12.1993', 'MM.DD.YYYY'))
/
INSERT INTO "T_PROFISSIONAL" VALUES(8, 'NP8', 'Ap8', TO_DATE('12.12.1992', 'MM.DD.YYYY'))
/
INSERT INTO "T_PROFISSIONAL" VALUES(9, 'NP9', 'Ap9', TO_DATE('12.12.1990', 'MM.DD.YYYY'))
/
INSERT INTO "T_PROFISSIONAL" VALUES(10, 'NP10', 'Ap10', TO_DATE('01.10.1983', 'MM.DD.YYYY'))
/
INSERT INTO "T_PROFISSIONAL" VALUES(11, 'NP11', 'Ap11', TO_DATE('12.15.1971', 'MM.DD.YYYY'))
/
INSERT INTO "T_PROFISSIONAL" VALUES(12, 'NP12', 'Ap12', TO_DATE('12.17.1981', 'MM.DD.YYYY'))
/
INSERT INTO "T_PROFISSIONAL" VALUES(13, 'NP13', 'Ap13', TO_DATE('03.12.1981', 'MM.DD.YYYY'))
/
INSERT INTO "T_PROFISSIONAL" VALUES(14, 'NP14', 'Ap14', TO_DATE('03.12.1979', 'MM.DD.YYYY'))
/
INSERT INTO "T_PROFISSIONAL" VALUES(15, 'NP15', 'Ap15', TO_DATE('03.12.1978', 'MM.DD.YYYY'))
/
INSERT INTO "T_PROFISSIONAL" VALUES(16, 'NP16', 'Ap16', TO_DATE('12.12.1991', 'MM.DD.YYYY'))
/
INSERT INTO "T_PROFISSIONAL" VALUES(17, 'NP17', 'Ap17', TO_DATE('12.18.1993', 'MM.DD.YYYY'))
/
INSERT INTO "T_PROFISSIONAL" VALUES(18, 'NP18', 'Ap18', TO_DATE('10.12.1995', 'MM.DD.YYYY'))
/
INSERT INTO "T_PROFISSIONAL" VALUES(19, 'NP19', 'Ap19', TO_DATE('12.10.1990', 'MM.DD.YYYY'))
/
INSERT INTO "T_PROFISSIONAL" VALUES(20, 'NP20', 'Ap20', TO_DATE('04.12.1989', 'MM.DD.YYYY'))
/
INSERT INTO "T_PROFISSIONAL" VALUES(21, 'Garrincha', 'Garrincha', TO_DATE('03.16.1963', 'MM.DD.YYYY'))
/
INSERT INTO "T_PROFISSIONAL" VALUES(22, 'NP22', 'Ap22', TO_DATE('12.01.1977', 'MM.DD.YYYY'))
/
INSERT INTO "T_PROFISSIONAL" VALUES(23, 'NP23', 'Ap23', TO_DATE('12.12.1990', 'MM.DD.YYYY'))
/
INSERT INTO "T_PROFISSIONAL" VALUES(24, 'NP24', 'Ap24', TO_DATE('09.12.1988', 'MM.DD.YYYY'))
/
INSERT INTO "T_PROFISSIONAL" VALUES(25, 'NP25', 'Ap25', TO_DATE('12.22.1980', 'MM.DD.YYYY'))
/
INSERT INTO "T_PROFISSIONAL" VALUES(26, 'NP26', 'Ap26', TO_DATE('02.06.1991', 'MM.DD.YYYY'))
/
INSERT INTO "T_PROFISSIONAL" VALUES(27, 'NP27', 'Ap27', TO_DATE('12.12.1989', 'MM.DD.YYYY'))
/
INSERT INTO "T_PROFISSIONAL" VALUES(28, 'NP28', 'Ap28', TO_DATE('07.12.1991', 'MM.DD.YYYY'))
/
INSERT INTO "T_PROFISSIONAL" VALUES(29, 'NP29', 'Ap29', TO_DATE('12.19.1987', 'MM.DD.YYYY'))
/
INSERT INTO "T_PROFISSIONAL" VALUES(30, 'NP30', 'Ap30', TO_DATE('12.12.1989', 'MM.DD.YYYY'))
/
INSERT INTO "T_PROFISSIONAL" VALUES(31, 'NP31', 'Ap31', TO_DATE('12.12.1991', 'MM.DD.YYYY'))
/
INSERT INTO "T_PROFISSIONAL" VALUES(32, 'NP32', 'Ap32', TO_DATE('12.17.1991', 'MM.DD.YYYY'))
/
INSERT INTO "T_PROFISSIONAL" VALUES(33, 'NP33', 'Ap33', TO_DATE('11.12.1991', 'MM.DD.YYYY'))
/
INSERT INTO "T_PROFISSIONAL" VALUES(34, 'NP34', 'Ap34', TO_DATE('12.22.1990', 'MM.DD.YYYY'))
/
INSERT INTO "T_TIME_PROFISSIONAL" ("numProfissional", "numTime", "dataInicial", "dataFinal") VALUES (1, 13, TO_DATE('10.28.2002', 'MM.DD.YYYY'), TO_DATE('12.31.2013', 'MM.DD.YYYY'))
/
INSERT INTO "T_TIME_PROFISSIONAL" ("numProfissional", "numTime", "dataInicial", "dataFinal") VALUES (2, 1, TO_DATE('01.01.2000', 'MM.DD.YYYY'), null)
/
INSERT INTO "T_TIME_PROFISSIONAL" ("numProfissional", "numTime", "dataInicial", "dataFinal") VALUES (3, 13, TO_DATE('01.01.2014', 'MM.DD.YYYY'), null)
/
INSERT INTO "T_TIME_PROFISSIONAL" ("numProfissional", "numTime", "dataInicial", "dataFinal") VALUES (4, 7, TO_DATE('12.12.1991', 'MM.DD.YYYY'), TO_DATE('12.12.1992', 'MM.DD.YYYY'))
/
INSERT INTO "T_TIME_PROFISSIONAL" ("numProfissional", "numTime", "dataInicial", "dataFinal") VALUES (5, 2, TO_DATE('12.12.1991', 'MM.DD.YYYY'), TO_DATE('12.12.1992', 'MM.DD.YYYY'))
/
INSERT INTO "T_TIME_PROFISSIONAL" ("numProfissional", "numTime", "dataInicial", "dataFinal") VALUES (6, 2, TO_DATE('12.12.1991', 'MM.DD.YYYY'), TO_DATE('12.12.1992', 'MM.DD.YYYY'))
/
INSERT INTO "T_TIME_PROFISSIONAL" ("numProfissional", "numTime", "dataInicial", "dataFinal") VALUES (7, 2, TO_DATE('12.12.1991', 'MM.DD.YYYY'), TO_DATE('12.12.1992', 'MM.DD.YYYY'))
/
INSERT INTO "T_TIME_PROFISSIONAL" ("numProfissional", "numTime", "dataInicial", "dataFinal") VALUES (8, 2, TO_DATE('12.12.1991', 'MM.DD.YYYY'), TO_DATE('12.12.1992', 'MM.DD.YYYY'))
/
INSERT INTO "T_TIME_PROFISSIONAL" ("numProfissional", "numTime", "dataInicial", "dataFinal") VALUES (9, 3, TO_DATE('12.12.1991', 'MM.DD.YYYY'), TO_DATE('12.12.1992', 'MM.DD.YYYY'))
/
INSERT INTO "T_TIME_PROFISSIONAL" ("numProfissional", "numTime", "dataInicial", "dataFinal") VALUES (10, 3, TO_DATE('12.12.1991', 'MM.DD.YYYY'), TO_DATE('12.12.1992', 'MM.DD.YYYY'))
/
INSERT INTO "T_TIME_PROFISSIONAL" ("numProfissional", "numTime", "dataInicial", "dataFinal") VALUES (11, 3, TO_DATE('12.12.1991', 'MM.DD.YYYY'), TO_DATE('12.12.1992', 'MM.DD.YYYY'))
/
INSERT INTO "T_TIME_PROFISSIONAL" ("numProfissional", "numTime", "dataInicial", "dataFinal") VALUES (12, 3, TO_DATE('12.12.1991', 'MM.DD.YYYY'), TO_DATE('12.12.1992', 'MM.DD.YYYY'))
/
INSERT INTO "T_TIME_PROFISSIONAL" ("numProfissional", "numTime", "dataInicial", "dataFinal") VALUES (13, 4, TO_DATE('12.12.1991', 'MM.DD.YYYY'), TO_DATE('12.12.1992', 'MM.DD.YYYY'))
/
INSERT INTO "T_TIME_PROFISSIONAL" ("numProfissional", "numTime", "dataInicial", "dataFinal") VALUES (14, 4, TO_DATE('12.12.1991', 'MM.DD.YYYY'), TO_DATE('12.12.1992', 'MM.DD.YYYY'))
/
INSERT INTO "T_TIME_PROFISSIONAL" ("numProfissional", "numTime", "dataInicial", "dataFinal") VALUES (15, 4, TO_DATE('12.12.1991', 'MM.DD.YYYY'), TO_DATE('12.12.1992', 'MM.DD.YYYY'))
/
INSERT INTO "T_TIME_PROFISSIONAL" ("numProfissional", "numTime", "dataInicial", "dataFinal") VALUES (16, 4, TO_DATE('12.12.1991', 'MM.DD.YYYY'), TO_DATE('12.12.1992', 'MM.DD.YYYY'))
/
INSERT INTO "T_TIME_PROFISSIONAL" ("numProfissional", "numTime", "dataInicial", "dataFinal") VALUES (17, 5, TO_DATE('12.12.1991', 'MM.DD.YYYY'), TO_DATE('12.12.1992', 'MM.DD.YYYY'))
/
INSERT INTO "T_TIME_PROFISSIONAL" ("numProfissional", "numTime", "dataInicial", "dataFinal") VALUES (18, 5, TO_DATE('12.12.1991', 'MM.DD.YYYY'), TO_DATE('12.12.1992', 'MM.DD.YYYY'))
/
INSERT INTO "T_TIME_PROFISSIONAL" ("numProfissional", "numTime", "dataInicial", "dataFinal") VALUES (19, 5, TO_DATE('12.12.1991', 'MM.DD.YYYY'), TO_DATE('12.12.1992', 'MM.DD.YYYY'))
/
INSERT INTO "T_TIME_PROFISSIONAL" ("numProfissional", "numTime", "dataInicial", "dataFinal") VALUES (20, 5, TO_DATE('12.12.1991', 'MM.DD.YYYY'), TO_DATE('12.12.1992', 'MM.DD.YYYY'))
/
INSERT INTO "T_TIME_PROFISSIONAL" ("numProfissional", "numTime", "dataInicial", "dataFinal") VALUES (22, 6, TO_DATE('12.12.1991', 'MM.DD.YYYY'), TO_DATE('12.12.1992', 'MM.DD.YYYY'))
/
INSERT INTO "T_TIME_PROFISSIONAL" ("numProfissional", "numTime", "dataInicial", "dataFinal") VALUES (23, 6, TO_DATE('12.12.1991', 'MM.DD.YYYY'), TO_DATE('12.12.1992', 'MM.DD.YYYY'))
/
INSERT INTO "T_TIME_PROFISSIONAL" ("numProfissional", "numTime", "dataInicial", "dataFinal") VALUES (24, 6, TO_DATE('12.12.1991', 'MM.DD.YYYY'), TO_DATE('12.12.1992', 'MM.DD.YYYY'))
/
INSERT INTO "T_TIME_PROFISSIONAL" ("numProfissional", "numTime", "dataInicial", "dataFinal") VALUES (25, 2, TO_DATE('12.12.1991', 'MM.DD.YYYY'), TO_DATE('12.12.1992', 'MM.DD.YYYY'))
/
INSERT INTO "T_TIME_PROFISSIONAL" ("numProfissional", "numTime", "dataInicial", "dataFinal") VALUES (26, 3, TO_DATE('12.12.1991', 'MM.DD.YYYY'), TO_DATE('12.12.1992', 'MM.DD.YYYY'))
/
INSERT INTO "T_TIME_PROFISSIONAL" ("numProfissional", "numTime", "dataInicial", "dataFinal") VALUES (27, 4, TO_DATE('12.12.1991', 'MM.DD.YYYY'), TO_DATE('12.12.1992', 'MM.DD.YYYY'))
/
INSERT INTO "T_TIME_PROFISSIONAL" ("numProfissional", "numTime", "dataInicial", "dataFinal") VALUES (28, 5, TO_DATE('12.12.1991', 'MM.DD.YYYY'), TO_DATE('12.12.1992', 'MM.DD.YYYY'))
/
INSERT INTO "T_TIME_PROFISSIONAL" ("numProfissional", "numTime", "dataInicial", "dataFinal") VALUES (29, 6, TO_DATE('12.12.1991', 'MM.DD.YYYY'), TO_DATE('12.12.1992', 'MM.DD.YYYY'))
/
INSERT INTO "T_TIME_PROFISSIONAL" ("numProfissional", "numTime", "dataInicial", "dataFinal") VALUES (30, 7, TO_DATE('12.12.1991', 'MM.DD.YYYY'), TO_DATE('12.12.1992', 'MM.DD.YYYY'))
/
INSERT INTO "T_TIME_PROFISSIONAL" ("numProfissional", "numTime", "dataInicial", "dataFinal") VALUES (31, 7, TO_DATE('12.12.1991', 'MM.DD.YYYY'), TO_DATE('12.12.1992', 'MM.DD.YYYY'))
/
INSERT INTO "T_TIME_PROFISSIONAL" ("numProfissional", "numTime", "dataInicial", "dataFinal") VALUES (32, 7, TO_DATE('12.12.1991', 'MM.DD.YYYY'), TO_DATE('12.12.1992', 'MM.DD.YYYY'))
/
INSERT INTO "T_TIME_PROFISSIONAL" ("numProfissional", "numTime", "dataInicial", "dataFinal") VALUES (33, 7, TO_DATE('12.12.1991', 'MM.DD.YYYY'), TO_DATE('12.12.1992', 'MM.DD.YYYY'))
/
INSERT INTO "T_TIME_PROFISSIONAL" ("numProfissional", "numTime", "dataInicial", "dataFinal") VALUES (34, 6, TO_DATE('12.12.1991', 'MM.DD.YYYY'), TO_DATE('12.12.1992', 'MM.DD.YYYY'))
/
INSERT INTO "T_JOGADOR" VALUES (1)
/
INSERT INTO "T_JOGADOR" VALUES (2)
/
INSERT INTO "T_JOGADOR" VALUES (4)
/
INSERT INTO "T_JOGADOR" VALUES (5)
/
INSERT INTO "T_JOGADOR" VALUES (6)
/
INSERT INTO "T_JOGADOR" VALUES (7)
/
INSERT INTO "T_JOGADOR" VALUES (8)
/
INSERT INTO "T_JOGADOR" VALUES (9)
/
INSERT INTO "T_JOGADOR" VALUES (10)
/
INSERT INTO "T_JOGADOR" VALUES (11)
/
INSERT INTO "T_JOGADOR" VALUES (12)
/
INSERT INTO "T_JOGADOR" VALUES (13)
/
INSERT INTO "T_JOGADOR" VALUES (14)
/
INSERT INTO "T_JOGADOR" VALUES (15)
/
INSERT INTO "T_JOGADOR" VALUES (16)
/
INSERT INTO "T_JOGADOR" VALUES (17)
/
INSERT INTO "T_JOGADOR" VALUES (18)
/
INSERT INTO "T_JOGADOR" VALUES (19)
/
INSERT INTO "T_JOGADOR" VALUES (20)
/
INSERT INTO "T_JOGADOR" VALUES (22)
/
INSERT INTO "T_JOGADOR" VALUES (23)
/
INSERT INTO "T_JOGADOR" VALUES (24)
/
INSERT INTO "T_JOGADOR" VALUES (31)
/
INSERT INTO "T_JOGADOR" VALUES (32)
/
INSERT INTO "T_JOGADOR" VALUES (33)
/
INSERT INTO "T_JOGADOR" VALUES (34)
/
INSERT INTO "T_TECNICO" VALUES (3)
/
INSERT INTO "T_TECNICO" VALUES (21)
/
INSERT INTO "T_TECNICO" VALUES (25)
/
INSERT INTO "T_TECNICO" VALUES (26)
/
INSERT INTO "T_TECNICO" VALUES (27)
/
INSERT INTO "T_TECNICO" VALUES (28)
/
INSERT INTO "T_TECNICO" VALUES (29)
/
INSERT INTO "T_TECNICO" VALUES (30)
/
INSERT INTO "T_TIME_PASSE_JOG" VALUES (1, 2, TO_DATE('01.01.2000', 'MM.DD.YYYY'), null)
/
INSERT INTO "T_JOGO_TIME" VALUES (1 , 1)
/
INSERT INTO "T_JOGO_TIME" VALUES (1 , 13)
/
INSERT INTO "T_JOGO_TECNICO" VALUES (1 , 3)
/
INSERT INTO "T_JOGO_TECNICO" VALUES (1 , 21)
/
INSERT INTO "T_JOGO_ARBITRO" VALUES (1, 12345, 'ARB PRINCIPAL')
/
INSERT INTO "T_JOGO_JOGADOR_JOGA" VALUES (10, 1 , 1, 2, 3, 1)
/
INSERT INTO "T_JOGO_JOGADOR_JOGA" VALUES (9, 1, 13, 1, 0, 0)
/
INSERT INTO "T_JOGO_JOGADOR_GOLEIA" VALUES (TO_TIMESTAMP('03.01.2014 22:22:00', 'MM.DD.YYYY HH24:MI:SS'), 1, 10, 'A FAVOR', 1)
/